<?xml version="1.0" encoding="UTF-8"?>
<project-private xmlns="http://www.netbeans.org/ns/project-private/1">
    <editor-bookmarks xmlns="http://www.netbeans.org/ns/editor-bookmarks/2" lastBookmarkId="0"/>
    <open-files xmlns="http://www.netbeans.org/ns/projectui-open-files/2">
        <group>
            <file>file:/C:/Users/ASUS/Documents/NetBeansProjects/Bonolota%20Hall/src/bonolota/hall/StudentDetails.java</file>
            <file>file:/C:/Users/ASUS/Documents/NetBeansProjects/Bonolota%20Hall/src/bonolota/hall/icon/12.jpg</file>
            <file>file:/C:/Users/ASUS/Documents/NetBeansProjects/Bonolota%20Hall/src/bonolota/hall/Login.java</file>
            <file>file:/C:/Users/ASUS/Documents/NetBeansProjects/Bonolota%20Hall/src/bonolota/hall/StudentAdd.java</file>
            <file>file:/C:/Users/ASUS/Documents/NetBeansProjects/Bonolota%20Hall/src/bonolota/hall/front.java</file>
        </group>
    </open-files>
</project-private>
